DEALSIZE,ORDER_YEAR,total_sales,order_count,avg_order_value
Large,2003,432819.94,54,8015.1840740740745
Large,2004,517753.71,63,8218.312857142857
Large,2005,351545.61,40,8788.64025
Medium,2003,2178711.74,502,4340.063227091634
Medium,2004,2869357.88,648,4428.021419753086
Medium,2005,1039362.62,234,4441.720598290598
Small,2003,905447.86,444,2039.2969819819818
Small,2004,1337051.01,634,2108.913264984227
Small,2005,400578.48,204,1963.62
